,count
360050004002,32
360050019001,864
360050019003,64
360050019004,25
360050023001,62
360050023003,93
360050025001,60
360050027022,31
360050035003,32
360050039002,62
360050039003,124
360050039005,29
360050041002,32
360050041004,31
360050042006,25
360050043001,62
360050043002,31
360050048002,32
360050050013,31
360050051001,725
360050051002,128
360050051003,62
360050060001,32
360050061001,25
360050061002,62
360050061003,25
360050063001,150
360050063002,899
360050063003,217
360050063005,31
360050063006,31
360050064004,62
360050065002,31
360050065003,31
360050065004,124
360050067001,31
360050067003,31
360050067004,31
360050069001,96
360050071002,32
360050072002,32
360050072003,31
360050073003,31
360050075003,31
360050075004,30
360050076002,32
360050078002,64
360050083004,31
360050085005,31
360050089001,32
360050089002,31
360050090003,31
360050092003,32
360050093001,25
360050098005,31
360050119001,31
360050127011,32
360050141001,31
360050141003,32
360050143001,32
360050149002,96
360050151003,32
360050153001,31
360050159001,31
360050165001,31
360050177013,30
360050177022,31
360050181013,31
360050181021,32
360050181022,31
360050183011,31
360050183013,32
360050183021,62
360050184003,32
360050185001,31
360050189001,60
360050189002,31
360050193001,62
360050194001,32
360050195001,155
360050195002,155
360050195004,62
360050197001,124
360050197003,124
360050197005,30
360050205011,31
360050215025,31
360050216012,32
360050216014,31
360050216022,32
360050216023,32
360050217001,62
360050218005,62
360050219001,62
360050220001,128
360050221021,31
360050227013,31
360050227021,31
360050231001,192
360050237032,30
360050237033,31
360050237043,30
360050238003,32
360050239001,62
360050240003,32
360050243001,31
360050244001,32
360050245021,31
360050251007,31
360050252001,32
360050255001,31
360050261001,64
360050263001,31
360050265001,31
360050269002,32
360050273001,31
360050285004,32
360050288002,30
360050289001,155
360050295001,64
360050297002,32
360050307013,32
360050310001,32
360050332011,33
360050334001,58
360050348001,32
360050360002,96
360050363006,31
360050365012,32
360050374004,31
360050375043,31
360050378001,32
360050380004,32
360050388002,32
360050389003,31
360050391001,31
360050393001,31
360050401003,31
360050404003,32
360050405011,31
360050413001,32
360050415002,31
360050423002,224
360050434004,32
360050435001,60
360050449011,32
360050451012,32
360050462019,31
360050462024,32
360050516001,30
360470001001,1290
360470001002,160
360470001003,800
360470001004,1056
360470002001,32
360470003011,64
360470003012,544
360470003013,416
360470003014,160
360470003015,90
360470005011,1155
360470005012,352
360470005013,160
360470005021,2176
360470005022,2432
360470007001,1472
360470007002,330
360470007003,1914
360470009001,3861
360470009002,2112
360470011001,5412
360470013001,5874
360470013002,459
360470015001,3008
360470015002,279
360470015003,8217
360470018001,135
360470020002,32
360470021001,3136
360470021002,3328
360470021003,990
360470023001,248
360470023002,31
360470023003,310
360470029011,186
360470029012,168
360470031001,256
360470031002,891
360470031003,875
360470033001,576
360470033002,4288
360470035001,4736
360470035002,640
360470037001,3008
360470039001,2144
360470039002,352
360470039003,1632
360470041001,1376
360470041002,448
360470041003,320
360470043001,700
360470043002,1120
360470043003,1178
360470043004,2048
360470044002,64
360470045001,2442
360470045002,576
360470045003,928
360470045004,1056
360470047001,825
360470049001,372
360470049002,99
360470049003,128
360470050002,32
360470051001,279
360470051002,124
360470051003,64
360470053001,192
360470053002,132
360470053003,128
360470053004,64
360470054002,32
360470058001,32
360470058002,32
360470059001,480
360470059002,403
360470060001,32
360470062002,32
360470063001,224
360470063002,192
360470064001,32
360470064002,32
360470065001,864
360470065002,434
360470065003,403
360470065004,390
360470065005,465
360470065006,768
360470065007,576
360470067001,576
360470067002,896
360470067003,800
360470067004,960
360470067005,384
360470068003,32
360470069001,928
360470069002,1056
360470069003,1248
360470069004,891
360470071001,96
360470071002,31
360470071003,93
360470071004,31
360470072001,32
360470075001,416
360470075002,768
360470075003,384
360470075004,512
360470075005,840
360470076001,32
360470077001,248
360470077002,256
360470077003,864
360470077004,928
360470078001,32
360470078002,32
360470080001,32
360470080002,32
360470082002,96
360470084001,320
360470084002,64
360470084003,192
360470085001,31
360470088001,31
360470090002,64
360470092002,32
360470096003,32
360470101001,160
360470101002,64
360470101003,96
360470102002,32
360470110001,32
360470117001,32
360470117002,192
360470117003,64
360470119001,928
360470119002,800
360470119003,1024
360470120001,32
360470121001,726
360470121002,448
360470126001,224
360470127001,384
360470127002,930
360470127003,62
360470129011,6496
360470129012,1152
360470129013,403
360470129021,3840
360470129022,1760
360470129023,279
360470130001,93
360470131001,759
360470131002,928
360470131003,288
360470131004,1248
360470133001,1056
360470133002,496
360470133003,640
360470133004,224
360470134002,32
360470135001,231
360470135002,544
360470135003,512
360470136002,32
360470136004,31
360470137001,192
360470137002,288
360470137003,1344
360470139001,192
360470139002,448
360470139003,186
360470139004,372
360470140002,96
360470141001,288
360470141002,192
360470141003,224
360470143001,416
360470143002,264
360470143003,64
360470145001,32
360470145002,128
360470145004,160
360470147001,32
360470147002,66
360470149001,64
360470149002,32
360470149003,32
360470149004,32
360470149005,96
360470151001,288
360470151002,256
360470151003,32
360470151004,416
360470152003,32
360470153001,62
360470153002,224
360470153003,352
360470153004,64
360470155001,96
360470155003,192
360470155004,64
360470157001,288
360470157002,32
360470157003,96
360470157004,224
360470159001,1344
360470159002,128
360470159003,155
360470159004,96
360470159005,416
360470160002,32
360470160004,32
360470161001,320
360470161002,1376
360470161003,2592
360470162001,32
360470163001,288
360470163002,224
360470163003,672
360470165001,96
360470165002,64
360470165003,96
360470165004,64
360470167001,96
360470167002,384
360470167003,320
360470167004,256
360470169001,32
360470169002,31
360470169003,32
360470171001,64
360470175001,25
360470177001,1000
360470179001,248
360470179002,640
360470179003,434
360470181001,288
360470181002,576
360470181003,576
360470181004,448
360470183001,1088
360470183002,768
360470183003,96
360470185011,256
360470185012,124
360470185014,279
360470187001,891
360470190001,32
360470191001,352
360470191002,288
360470191003,288
360470193001,90
360470193002,96
360470193003,243
360470193004,60
360470195001,256
360470195002,384
360470195003,256
360470195004,224
360470197001,128
360470197002,192
360470197003,352
360470197004,448
360470198002,32
360470199001,64
360470199002,640
360470199003,651
360470199004,64
360470201001,160
360470201002,416
360470201003,256
360470201004,32
360470202002,32
360470203001,256
360470203002,561
360470205001,288
360470205002,256
360470205003,256
360470207001,256
360470207002,416
360470207003,64
360470211001,64
360470211002,231
360470213001,240
360470213002,93
360470213003,62
360470215001,248
360470215002,124
360470215003,62
360470215004,480
360470216002,32
360470217001,186
360470217002,320
360470219001,128
360470219002,96
360470219003,384
360470221001,124
360470221002,64
360470221003,96
360470227001,192
360470227002,396
360470227003,128
360470227004,384
360470229001,192
360470229002,62
360470229003,31
360470231001,320
360470231002,96
360470232004,30
360470233001,224
360470233002,217
360470233003,744
360470235001,297
360470235002,224
360470241001,448
360470241002,248
360470243001,416
360470243002,256
360470243003,210
360470245001,160
360470245002,64
360470245003,31
360470245004,288
360470247001,90
360470247002,96
360470249002,64
360470249004,192
360470251001,31
360470251002,30
360470251003,64
360470253001,160
360470253003,31
360470255001,93
360470255002,155
360470257001,32
360470257002,32
360470257003,64
360470259011,96
360470259021,31
360470261001,124
360470261002,120
360470261004,62
360470261005,31
360470263001,64
360470265001,32
360470265002,62
360470265003,32
360470265004,64
360470267001,32
360470267002,96
360470267003,66
360470267004,32
360470269001,32
360470269002,128
360470269003,96
360470271001,128
360470271002,64
360470273002,32
360470273003,128
360470275001,31
360470275002,32
360470275003,160
360470277003,32
360470277004,32
360470279002,32
360470279004,64
360470281001,62
360470281002,64
360470281003,96
360470283003,32
360470285011,465
360470285021,62
360470287001,651
360470287002,62
360470287003,96
360470289001,128
360470289002,31
360470289003,62
360470289004,31
360470291002,31
360470293001,31
360470293003,30
360470293004,32
360470295002,32
360470295003,32
360470296003,32
360470297001,128
360470297002,224
360470297003,32
360470299002,32
360470301002,31
360470305001,93
360470305002,124
360470305003,160
360470305004,160
360470307003,96
360470309001,186
360470311001,31
360470311002,64
360470313001,62
360470313003,192
360470313004,96
360470314004,64
360470315001,192
360470315002,62
360470315003,128
360470315004,120
360470317011,96
360470317013,64
360470317021,64
360470317022,96
360470317023,31
360470319001,64
360470319003,31
360470321001,64
360470321004,62
360470323001,186
360470323002,64
360470323003,33
360470325001,93
360470325002,93
360470327001,96
360470327002,32
360470327003,961
360470329001,31
360470329002,62
360470329003,62
360470335001,32
360470337001,64
360470337002,155
360470337003,128
360470339001,64
360470339004,32
360470341002,31
360470341003,31
360470345001,32
360470345002,32
360470348001,32
360470349001,62
360470349002,160
360470351002,96
360470353002,128
360470357001,96
360470361002,32
360470364001,32
360470367001,64
360470371005,96
360470373001,93
360470373003,32
360470373004,32
360470374012,32
360470374021,32
360470374024,32
360470375002,128
360470379001,32
360470381002,31
360470381003,32
360470381004,64
360470382001,30
360470383002,32
360470385004,30
360470387002,31
360470387004,32
360470388004,32
360470389001,320
360470389002,217
360470389003,341
360470391001,186
360470391002,496
360470392001,32
360470393001,192
360470393002,288
360470393003,155
360470395001,64
360470395002,31
360470395003,160
360470397001,64
360470397002,32
360470397003,96
360470399001,32
360470399002,128
360470400001,32
360470402002,32
360470403001,32
360470403002,32
360470405001,32
360470405002,31
360470409001,31
360470409002,32
360470419001,33
360470420002,32
360470423001,576
360470423002,62
360470425001,62
360470425002,93
360470425003,160
360470427001,64
360470427002,256
360470427003,62
360470427004,96
360470429001,93
360470429003,32
360470429004,31
360470431001,128
360470431002,62
360470433002,62
360470433003,32
360470436002,31
360470437001,31
360470437003,32
360470439003,186
360470441001,31
360470443002,32
360470443003,30
360470443004,62
360470445001,32
360470445002,93
360470446001,93
360470447001,768
360470447002,150
360470448001,128
360470449003,160
360470449004,648
360470450001,128
360470453001,589
360470453002,620
360470460001,64
360470460002,32
360470477001,576
360470477002,363
360470480002,32
360470481001,160
360470481002,186
360470481003,248
360470482001,64
360470482002,64
360470482003,31
360470482004,64
360470484003,32
360470485001,544
360470485002,528
360470486001,32
360470486003,32
360470488001,32
360470489001,62
360470489002,31
360470489003,31
360470490001,128
360470490002,32
360470490003,32
360470491001,128
360470491002,62
360470491003,150
360470491004,155
360470492001,32
360470492002,128
360470492003,96
360470493001,124
360470493002,279
360470493003,620
360470493004,90
360470493005,196
360470494001,64
360470494002,64
360470495001,576
360470495002,480
360470495003,800
360470496001,96
360470497001,288
360470497002,736
360470497003,864
360470498003,32
360470499001,288
360470499002,256
360470500003,32
360470501001,32
360470501002,384
360470501003,2976
360470502021,64
360470502022,64
360470503001,640
360470503002,576
360470503003,1024
360470504001,99
360470504003,160
360470505001,62
360470505002,128
360470505003,124
360470506001,62
360470507001,231
360470508012,62
360470508031,165
360470508041,62
360470509001,160
360470509002,32
360470510011,31
360470510012,93
360470510021,96
360470510022,31
360470511001,62
360470511002,31
360470511003,96
360470513001,2432
360470513002,192
360470513003,1488
360470513004,1240
360470514001,31
360470514004,31
360470515001,1023
360470516013,32
360470517001,1452
360470517002,1504
360470518002,32
360470519001,1408
360470519002,1953
360470519003,5312
360470520002,64
360470523001,1216
360470523002,1426
360470523003,2496
360470523004,1590
360470523005,464
360470525001,2573
360470525002,31
360470526001,32
360470527001,31
360470527003,360
360470527004,589
360470527005,31
360470527006,31
360470527007,90
360470528002,32
360470529001,32
360470529002,128
360470529003,775
360470530003,32
360470531001,32
360470531002,64
360470531003,31
360470533002,96
360470533003,32
360470533005,32
360470535001,31
360470535002,62
360470535004,32
360470537001,31
360470537002,96
360470542003,32
360470543001,390
360470543002,155
360470547001,64
360470547002,31
360470547003,192
360470549001,1155
360470549002,4123
360470551001,1612
360470551002,1312
360470551003,806
360470551004,608
360470553001,4288
360470553002,2080
360470553003,2496
360470554002,32
360470554003,32
360470555001,4950
360470557001,512
360470557002,3782
360470561001,224
360470561002,96
360470561003,800
360470561004,96
360470563001,192
360470563002,93
360470563003,288
360470563004,288
360470565001,640
360470565002,279
360470565003,672
360470569001,1767
360470569002,864
360470571001,64
360470571002,128
360470571003,448
360470571004,589
360470573001,32
360470573002,160
360470573003,93
360470575001,96
360470575002,416
360470575003,320
360470575004,310
360470578002,64
360470579001,31
360470579002,1085
360470580001,32
360470580002,32
360470584002,32
360470588001,32
360470589001,96
360470589002,96
360470591002,64
360470591003,66
360470591004,124
360470593001,192
360470593002,93
360470594015,32
360470596003,32
360470610022,32
360470628002,32
360470670001,32
360470670002,32
360470676002,32
360470702021,27
360470734001,32
360470738001,32
360470742001,33
360470744001,30
360470770001,32
360470774001,96
360470776003,32
360470786001,192
360470786002,128
360470788003,64
360470790001,62
360470790002,62
360470792003,32
360470794001,96
360470796011,128
360470796012,186
360470796021,64
360470796022,160
360470798011,64
360470798012,128
360470798022,186
360470798023,93
360470800002,32
360470800003,32
360470802001,96
360470802002,124
360470804003,32
360470806002,32
360470808001,93
360470814002,64
360470816002,32
360470818001,31
360470818003,31
360470820002,31
360470822003,31
360470822004,32
360470824001,32
360470826003,31
360470828002,32
360470830001,32
360470840001,32
360470846001,32
360470854002,32
360470860003,32
360470868003,32
360470870001,32
360470874011,32
360470874012,32
360470876001,31
360470880001,192
360470880003,160
360470890006,28
360470892001,31
360470892002,31
360470902001,31
360470902004,64
360470912002,31
360470916002,31
360470920001,29
360470938001,32
360470938002,33
360470946003,64
360470956002,32
360470986001,32
360470990001,33
360471012001,32
360471034001,31
360471070001,32
360471124003,32
360471126003,32
360471128002,32
360471142011,32
360471144004,31
360471166001,32
360471170002,32
360471182011,32
360471188003,31
360471196003,32
360471198002,31
360471198003,64
360471200001,32
360471237001,186
360471237002,224
360471237003,256
360471502001,64
360471502002,128
360471502003,64
360471522001,128
360471522002,64
360471522003,160
360593009003,62
360594109001,32
360610002011,93
360610002012,310
360610002021,527
360610002022,160
360610002023,31
360610002025,480
360610006001,2850
360610006002,620
360610006003,2449
360610006004,60
360610006005,62
360610006006,192
360610007001,78210
360610008001,868
360610008002,620
360610008003,93
360610008004,62
360610008005,279
360610008006,3844
360610009001,65373
360610010011,744
360610010021,558
360610010022,155
360610010023,434
360610012001,1116
360610012002,704
360610012003,864
360610013001,46464
360610013002,25146
360610014011,2272
360610014012,608
360610014021,9610
360610014022,2759
360610015011,10725
360610015012,4389
360610015013,14400
360610015021,15081
360610015022,43659
360610016001,11966
360610016002,248
360610016003,2201
360610016004,4588
360610016005,9176
360610018001,7860
360610018002,19871
360610018003,36146
360610018004,3810
360610018005,23250
360610018006,2139
360610018007,3100
360610020001,155
360610020002,62
360610020003,2015
360610021001,57952
360610021002,36201
360610022011,2883
360610022012,1500
360610022013,465
360610022014,248
360610022021,12832
360610024001,279
360610024002,31
360610025001,1178
360610025002,31
360610025003,682
360610026011,1952
360610026012,5632
360610026021,4256
360610026022,9600
360610027001,3432
360610028001,1705
360610028002,2460
360610028003,5270
360610028004,3872
360610029001,7316
360610029002,2015
360610029003,5084
360610029004,9536
360610030011,31837
360610030012,28737
360610030013,5518
360610030014,9858
360610030021,17523
360610030022,24118
360610031001,33726
360610032001,23456
360610032002,10230
360610032003,13376
360610032004,5600
360610032005,5425
360610032006,8514
360610032007,18780
360610033001,24288
360610033002,44490
360610033003,35072
360610034001,9703
360610034002,11040
360610034003,20119
360610034004,23095
360610036011,2232
360610036012,2304
360610036013,22944
360610036021,9632
360610036022,37376
360610037001,21184
360610037002,29440
360610037003,44608
360610038001,32160
360610038002,9765
360610038003,23648
360610038004,7068
360610038005,9920
360610038006,6169
360610038007,18042
360610039001,14144
360610039002,18941
360610039003,4898
360610039004,34627
360610040001,28448
360610040002,10528
360610040003,22692
360610040004,9703
360610040005,13504
360610040006,15469
360610041001,9951
360610041002,6176
360610041003,2790
360610041004,6496
360610041005,17280
360610041006,20150
360610042001,39996
360610042002,23936
360610043001,24768
360610043002,7626
360610043003,45322
360610044001,6014
360610044002,2635
360610044003,3038
360610044004,930
360610044005,5084
360610044006,6600
360610044007,16492
360610044008,5425
360610045001,48128
360610047001,17440
360610047002,43424
360610048001,7808
360610048002,9312
360610048003,6080
360610048004,13733
360610048005,20384
360610048006,14787
360610048007,2225
360610049001,48832
360610049002,12160
360610049003,14368
360610050001,28768
360610050002,30400
360610050003,29184
360610050004,16096
360610050005,10944
360610052001,77184
360610052002,62370
360610054001,73984
360610054002,10208
360610054003,15744
360610055011,21024
360610055012,3348
360610055013,10602
360610055021,27392
360610055022,63104
360610056001,89218
360610056002,47840
360610056003,19778
360610057001,26240
360610057002,39232
360610058001,142065
360610059001,12640
360610059002,4992
360610059003,4512
360610059004,6120
360610059005,6464
360610060001,2635
360610060002,7595
360610060003,7328
360610061001,26304
360610061002,11520
360610061003,51520
360610062001,45601
360610062002,7232
360610063001,25152
360610063002,17024
360610063003,15520
360610063004,11360
360610063005,17376
360610064001,23648
360610064002,14752
360610064003,6975
360610064004,16120
360610064005,11715
360610064006,8370
360610065001,29792
360610065002,16585
360610065003,21184
360610065004,20160
360610065005,8525
360610066001,10509
360610066002,10980
360610066003,9440
360610066004,9856
360610066005,8320
360610066006,4000
360610066007,2976
360610066008,7337
360610066009,3556
360610067001,17472
360610067002,20096
360610067003,13981
360610067004,21376
360610068001,39168
360610068002,24211
360610068003,26976
360610068004,17732
360610068005,13824
360610068006,19840
360610069001,32769
360610070001,28160
360610070002,21376
360610070003,15128
360610070004,6656
360610070005,8928
360610070006,7998
360610071001,12480
360610071002,10112
360610071003,23392
360610071004,13024
360610071005,25606
360610072001,10304
360610072002,40448
360610072003,31168
360610072004,31186
360610072005,27904
360610072006,16430
360610072007,13088
360610073001,14694
360610073002,10137
360610073003,8215
360610073004,26240
360610073005,1891
360610073006,26176
360610074001,55008
360610074002,27328
360610074003,68384
360610075001,7648
360610075002,7104
360610075003,23498
360610076001,94464
360610076002,43072
360610077001,33024
360610077002,12448
360610077003,25664
360610077004,19520
360610077005,2848
360610078001,12059
360610078002,13664
360610078003,3224
360610078004,18624
360610078005,7860
360610078006,12512
360610078007,12320
360610079001,93310
360610079002,6848
360610079003,14848
360610079004,49376
360610080001,60288
360610080002,75648
360610080003,6496
360610080004,19040
360610080005,14240
360610081001,20512
360610081002,22528
360610081003,7840
360610081004,11687
360610081005,11776
360610081006,22912
360610082001,103392
360610082002,23808
360610082003,16256
360610083001,22752
360610083002,50656
360610083003,63168
360610084001,18200
360610084002,74272
360610086011,12210
360610086012,17019
360610086021,10550
360610086031,5408
360610086032,6400
360610086033,2624
360610086034,11187
360610087001,56512
360610087002,9450
360610087003,10624
360610087004,9300
360610087005,10137
360610088001,69376
360610088002,13330
360610088003,4352
360610088004,6820
360610088005,8640
360610088006,7328
360610088007,992
360610089001,4448
360610089002,9548
360610089003,13184
360610089004,11040
360610089005,4416
360610090001,40288
360610090002,8864
360610090003,13268
360610090004,6528
360610090005,23591
360610090006,12152
360610091001,66496
360610091002,21664
360610091003,14181
360610091004,16957
360610092001,267136
360610093001,7316
360610093002,16151
360610093003,11552
360610093004,5820
360610093005,9824
360610093006,6045
360610093007,10509
360610094001,160890
360610095001,68970
360610095002,42944
360610096001,104448
360610097001,7161
360610097002,15990
360610097003,320
360610097004,5056
360610098001,16440
360610098002,35712
360610098003,34208
360610098004,10385
360610098005,13152
360610098006,25632
360610098007,12152
360610099001,213576
360610100001,104832
360610100002,101145
360610101001,428769
360610102001,172484
360610103001,59466
360610104001,139260
360610106011,5310
360610106012,7068
360610106013,5824
360610106014,6990
360610106015,6624
360610106016,5400
360610106021,7072
360610106022,26272
360610106023,5332
360610108001,5084
360610108002,11470
360610108003,8608
360610108004,11520
360610108005,9083
360610108006,24352
360610108007,36128
360610109001,119232
360610110001,9641
360610110002,6976
360610110003,46592
360610110004,9765
360610110005,8060
360610110006,23552
360610111001,40517
360610111002,10048
360610111003,14663
360610112011,104864
360610112021,111328
360610112031,40755
360610112032,47580
360610113001,185696
360610114011,53152
360610114012,30880
360610114021,48800
360610114022,56079
360610115001,88671
360610115002,25792
360610116001,62080
360610116002,6752
360610116003,5797
360610117001,53248
360610118001,8640
360610118002,9641
360610118003,10819
360610118004,17792
360610118005,7200
360610118006,8866
360610118007,8736
360610118008,7488
360610119001,71207
360610119002,70370
360610120001,11700
360610120002,28000
360610120003,21504
360610120004,37632
360610121001,31589
360610121002,12462
360610121003,8760
360610121004,25606
360610121005,15392
360610121006,9376
360610122001,17370
360610122002,19437
360610122003,17050
360610122004,12352
360610124001,10816
360610124002,17376
360610124003,14074
360610124004,13237
360610124005,11049
360610124006,16160
360610124007,10048
360610124008,7470
360610125001,114444
360610125002,58656
360610126001,33728
360610126002,10650
360610126003,7812
360610126004,6789
360610126005,8642
360610126006,8672
360610126007,7564
360610126008,5536
360610127001,12720
360610127002,25141
360610127003,14656
360610127004,12960
360610127005,15221
360610128001,28160
360610128002,14220
360610128003,17888
360610128004,27480
360610128005,18432
360610129001,46976
360610129002,57123
360610130001,25408
360610130002,22688
360610130003,19620
360610130004,19809
360610131001,113152
360610131002,62304
360610132001,11315
360610132002,7595
360610132003,8990
360610132004,15552
360610132005,6913
360610132006,5332
360610132007,3503
360610133001,9176
360610133002,19264
360610133003,14496
360610133004,14112
360610133005,21681
360610134001,7874
360610134002,8990
360610134003,10266
360610134004,6720
360610134005,10464
360610134006,19104
360610134007,11360
360610134008,10416
360610134009,8910
360610135001,31648
360610135002,27126
360610136001,15314
360610136002,7347
360610136003,6758
360610136004,20960
360610136005,8800
360610136006,5394
360610136007,5152
360610136008,13696
360610137001,18496
360610137002,21173
360610137003,68040
360610137004,40052
360610137005,45568
360610137006,53440
360610138001,12256
360610138002,10720
360610138003,8587
360610138004,14260
360610138005,9824
360610138006,7564
360610138007,6784
360610138008,11072
360610138009,12927
360610139001,13440
360610139002,10757
360610139003,16585
360610139004,6324
360610139005,8280
360610139006,15690
360610139007,22112
360610140001,16236
360610140002,22784
360610140003,16896
360610140004,16080
360610140005,15456
360610140006,10304
360610142001,7920
360610142002,16032
360610142003,16128
360610142004,17298
360610142005,10400
360610142006,12352
360610143001,182806
360610144011,4640
360610144012,8608
360610144013,4160
360610144014,4768
360610144021,9888
360610144022,5921
360610144023,2752
360610144024,10656
360610144025,6293
360610145001,14688
360610145002,11400
360610145003,62112
360610145004,50848
360610146011,18290
360610146012,8184
360610146013,11439
360610146014,7854
360610146021,9792
360610146022,16064
360610146023,5270
360610146024,7232
360610146025,4608
360610146026,7285
360610147001,11583
360610148011,15411
360610148012,30848
360610148021,10240
360610148022,33376
360610148023,10857
360610148024,8768
360610148025,20032
360610149001,48577
360610149002,8896
360610149003,13440
360610149004,26133
360610149005,10944
360610150011,12256
360610150012,12480
360610150021,19520
360610150022,13600
360610150023,10592
360610150024,10240
360610151001,2130
360610151002,5580
360610151003,6541
360610151004,30228
360610152001,1705
360610152002,5983
360610152003,9331
360610152004,5301
360610152005,8320
360610152006,6528
360610153001,12864
360610153002,12480
360610153003,21142
360610153004,21984
360610153005,5120
360610153006,4650
360610153007,15648
360610154001,11776
360610154002,5728
360610154003,7616
360610154004,5239
360610154005,6076
360610154006,6975
360610154007,8587
360610154008,7068
360610154009,5481
360610155001,7872
360610155002,5642
360610155003,2581
360610155004,3540
360610155005,1856
360610155006,13664
360610156011,2883
360610156012,3906
360610156013,7200
360610156014,1792
360610156021,6864
360610157001,5100
360610157002,12608
360610157003,11680
360610157004,5177
360610157005,5632
360610157006,12090
360610157007,12840
360610157008,10044
360610158011,8896
360610158012,11520
360610158013,14384
360610158014,7168
360610158021,9120
360610158022,3104
360610159001,3990
360610159002,3840
360610159003,4960
360610159004,11744
360610159005,17408
360610159006,19375
360610159007,4416
360610160011,8672
360610160012,15840
360610160013,8760
360610160014,3488
360610160021,5907
360610160022,4224
360610161001,13856
360610161002,5425
360610161003,4032
360610161004,5376
360610161005,7590
360610161006,9024
360610162001,288
360610162002,248
360610162003,279
360610162004,341
360610162005,1209
360610163001,4000
360610163002,3565
360610163003,11842
360610163004,19840
360610163005,32352
360610164001,2040
360610164002,3648
360610164003,2914
360610164004,1085
360610165001,38368
360610165002,8704
360610165003,8704
360610165004,6016
360610165005,7776
360610166001,1350
360610166002,1829
360610166003,1632
360610166004,2077
360610166005,1428
360610166006,2604
360610167001,3552
360610167002,4320
360610167003,27168
360610167004,12864
360610167005,18693
360610168001,620
360610168002,10336
360610168003,2816
360610169001,8352
360610169002,6169
360610169003,16448
360610169004,13113
360610169005,4669
360610169006,4352
360610170001,1984
360610170002,3422
360610170003,961
360610170004,1085
360610170005,868
360610171001,14725
360610171002,21669
360610171003,21568
360610171004,1736
360610171005,3360
360610171006,3520
360610172001,2139
360610172002,1581
360610172003,1519
360610172004,992
360610172005,840
360610173001,9052
360610173002,4247
360610173003,8000
360610173004,4495
360610173005,3840
360610173006,4416
360610173007,9734
360610174011,465
360610174012,775
360610174013,1280
360610174021,1344
360610175001,5088
360610175002,1890
360610175003,4064
360610175004,13152
360610175005,11392
360610175006,6138
360610175007,11610
360610177001,6873
360610177002,1472
360610177003,3937
360610177004,3596
360610177005,6112
360610177006,1395
360610177007,3565
360610177008,2688
360610178001,558
360610178002,1248
360610178003,868
360610179001,1952
360610179002,1711
360610179003,3488
360610179004,12493
360610179005,12224
360610179006,7456
360610179007,6752
360610180001,1333
360610180002,1457
360610180003,4867
360610180004,527
360610181001,6464
360610181002,3552
360610181003,8448
360610181004,3472
360610181005,6336
360610181006,6784
360610182001,1736
360610182002,713
360610182003,1457
360610182004,310
360610182005,806
360610183001,3200
360610183002,1054
360610183003,1612
360610183004,13248
360610183005,12928
360610183006,12307
360610183007,18166
360610184001,1376
360610184002,620
360610184003,120
360610184004,682
360610185001,8896
360610185002,18631
360610185003,5344
360610186001,372
360610186002,1519
360610186003,93
360610187001,3872
360610187002,2871
360610187003,7560
360610187004,9824
360610187005,3630
360610187006,4712
360610188001,416
360610188002,2030
360610188003,2294
360610188004,1410
360610189001,5280
360610189002,4340
360610189003,1612
360610189004,2046
360610189005,4371
360610189006,4530
360610190001,3488
360610191001,2325
360610191002,3712
360610191003,9312
360610191004,10740
360610191005,4092
360610191006,4672
360610192001,93
360610192002,155
360610192003,31
360610193001,2400
360610193002,2432
360610193003,1643
360610193004,1302
360610193005,4030
360610193006,3799
360610194001,217
360610194002,806
360610194003,1364
360610194004,1426
360610195001,7296
360610195002,9344
360610195003,3658
360610195004,1280
360610195005,3224
360610196001,744
360610196002,775
360610196003,4929
360610197011,4650
360610197021,5049
360610198001,4422
360610198002,150
360610199001,5312
360610199002,8192
360610199003,2232
360610199004,1147
360610199005,1728
360610199006,3776
360610200001,704
360610200002,2294
360610201011,2079
360610201021,2272
360610201022,2624
360610201023,341
360610201024,124
360610203001,2244
360610203002,5913
360610205001,7788
360610205002,3317
360610205003,2528
360610206001,620
360610206002,434
360610207011,775
360610207012,744
360610208001,870
360610208002,544
360610208003,416
360610209011,2232
360610209012,806
360610210001,128
360610210002,310
360610210003,300
360610210004,93
360610211001,589
360610211002,2100
360610211003,6208
360610211004,1395
360610211005,870
360610211006,1056
360610211007,899
360610212001,736
360610212002,494
360610212003,155
360610212004,1240
360610213031,62
360610213032,62
360610213034,434
360610214001,124
360610214002,62
360610215001,620
360610215002,768
360610216001,1798
360610216002,372
360610216003,279
360610216004,1664
360610216005,1312
360610217031,525
360610218001,1088
360610218002,540
360610218003,1519
360610218004,1767
360610219001,3813
360610219002,270
360610219003,465
360610219004,372
360610220001,600
360610220002,736
360610220003,120
360610220004,1519
360610220005,465
360610221021,384
360610221022,736
360610222001,2528
360610222002,2848
360610223011,217
360610223012,620
360610223013,2208
360610223014,1426
360610223021,1696
360610224001,558
360610224002,900
360610224003,210
360610224004,217
360610225001,1395
360610225002,992
360610225003,224
360610225004,341
360610225005,186
360610226001,620
360610226002,320
360610226003,832
360610227001,527
360610227002,150
360610227003,256
360610228001,403
360610228002,928
360610228003,434
360610228004,256
360610229001,3104
360610229002,192
360610229003,589
360610229004,256
360610229005,1209
360610230001,93
360610230002,496
360610230003,496
360610230004,279
360610230005,160
360610231001,384
360610231002,128
360610231003,512
360610232001,465
360610232002,93
360610232003,310
360610232004,627
360610233001,2432
360610233002,310
360610233003,279
360610234001,192
360610234002,224
360610235011,62
360610235013,30
360610235014,62
360610235021,310
360610236001,93
360610236002,155
360610236003,31
360610236004,217
360610237001,93
360610237002,1395
360610237003,527
360610238011,928
360610238021,186
360610238022,186
360610239001,96
360610239002,124
360610240001,486
360610241001,1408
360610241002,1056
360610241003,62
360610241004,124
360610241005,196
360610242001,124
360610242002,403
360610242003,2046
360610243012,31
360610243013,155
360610243021,62
360610243022,31
360610243023,124
360610245001,31
360610245002,837
360610245003,527
360610245004,155
360610245005,806
360610245007,62
360610247001,192
360610247002,384
360610247003,31
360610247005,120
360610249001,128
360610251001,3072
360610251002,64
360610253002,31
360610253004,224
360610253005,186
360610253006,416
360610255001,589
360610255002,150
360610255003,93
360610255004,124
360610257001,2944
360610257002,896
360610257003,1440
360610259001,495
360610259002,640
360610261002,90
360610261003,31
360610261004,31
360610261005,30
360610261007,31
360610263001,120
360610263002,31
360610263003,31
360610263004,450
360610263005,90
360610265001,32
360610265002,744
360610265003,128
360610265004,341
360610265005,352
360610269001,30
360610269004,124
360610269005,62
360610271002,120
360610271003,124
360610271004,372
360610271005,32
360610273001,192
360610273002,32
360610273003,512
360610273004,217
360610275002,33
360610277003,31
360610277004,31
360610279001,93
360610279004,31
360610279005,224
360610281001,31
360610281002,66
360610283001,31
360610283002,32
360610283003,32
360610285001,31
360610285003,31
360610285004,31
360610287001,544
360610287002,31
360610287003,124
360610291004,186
360610291006,31
360610293003,124
360610293004,31
360610293005,31
360610295001,32
360610295002,279
360610295003,288
360610295004,512
360610297001,26
360610299002,93
360610303001,93
360610303002,248
360610309001,62
360610309002,124
360610311001,100
360610317031,25694
360610317032,66912
360610317041,19296
360610317042,1632
360610317043,18560
360610317044,16863
360610319001,2950
360810001001,3465
360810006002,32
360810007001,928
360810007002,864
360810007003,1056
360810007004,4032
360810012003,32
360810014003,32
360810019001,8910
360810020001,64
360810022002,32
360810025001,62
360810025003,1054
360810025004,992
360810025006,279
360810031001,320
360810031002,2496
360810033001,6400
360810033002,2496
360810033003,1085
360810033004,1248
360810037001,25
360810038001,32
360810039001,96
360810040021,32
360810043001,1519
360810043002,540
360810045001,1440
360810045002,420
360810045003,630
360810047001,1792
360810047002,248
360810051001,416
360810051002,320
360810053001,1023
360810053002,594
360810053004,672
360810055001,640
360810057001,256
360810057002,248
360810057003,128
360810059001,192
360810059002,704
360810059003,837
360810061001,1240
360810061002,713
360810061003,527
360810061004,248
360810062021,25
360810063001,682
360810063002,403
360810063003,279
360810063004,160
360810065011,310
360810065012,248
360810065021,1024
360810065022,93
360810065023,160
360810069001,160
360810069002,990
360810069003,1023
360810071001,416
360810071002,620
360810071003,558
360810071004,1488
360810073001,704
360810073002,496
360810073003,512
360810075001,1364
360810075002,704
360810075003,256
360810077001,1980
360810079001,800
360810079002,448
360810081001,132
360810083001,512
360810083002,992
360810085001,1024
360810085002,527
360810087003,31
360810091001,32
360810091002,384
360810095001,96
360810095002,448
360810097001,64
360810097002,160
360810097003,224
360810097004,32
360810099001,200
360810101001,198
360810101002,96
360810103002,128
360810103003,128
360810103004,96
360810105003,33
360810108002,32
360810110001,32
360810111002,32
360810113001,352
360810113002,627
360810113003,352
360810115001,448
360810115002,1376
360810117001,96
360810117002,64
360810117003,384
360810117004,32
360810118001,32
360810119001,224
360810119002,32
360810120002,32
360810121001,352
360810121002,396
360810122001,32
360810123011,32
360810123012,32
360810123013,96
360810125001,1254
360810125002,1408
360810134001,32
360810135001,363
360810137001,608
360810140001,32
360810141001,320
360810141002,352
360810142012,32
360810142021,96
360810142022,32
360810143001,64
360810143002,1452
360810144001,66
360810145001,32
360810145002,32
360810147001,96
360810147002,32
360810147003,352
360810149001,96
360810149002,544
360810151001,128
360810151002,320
360810152001,32
360810152002,32
360810153001,192
360810153002,128
360810155001,924
360810155002,1504
360810157001,1728
360810158011,32
360810159001,224
360810159002,31
360810159003,93
360810159004,224
360810161001,128
360810161002,480
360810163002,527
360810163003,124
360810166001,32
360810169001,32
360810169002,544
360810169003,561
360810169004,416
360810171001,2725
360810174001,32
360810179001,3552
360810179002,2077
360810180001,32
360810181011,64
360810181012,2232
360810181013,960
360810181021,1568
360810181022,660
360810181023,704
360810182002,416
360810183001,256
360810183002,93
360810183003,1696
360810183004,1705
360810183005,434
360810185011,31
360810185023,64
360810186001,224
360810187001,96
360810187003,288
360810188001,264
360810189003,31
360810190001,32
360810192001,320
360810194001,608
360810199001,540
360810199002,264
360810202001,512
360810205001,192
360810205002,64
360810206001,160
360810208001,672
360810212001,31
360810212002,320
360810214002,217
360810214003,672
360810216001,608
360810216002,128
360810216003,96
360810219001,75
360810220013,96
360810220021,32
360810220024,32
360810229001,162
360810230001,32
360810230002,32
360810235002,341
360810235003,31
360810235004,288
360810238001,128
360810238002,62
360810240001,96
360810243001,64
360810243003,32
360810243004,128
360810245001,31
360810245002,31
360810245003,128
360810245004,128
360810247001,544
360810249001,736
360810249002,800
360810249003,352
360810251001,512
360810251002,224
360810251003,480
360810251004,186
360810253011,186
360810253012,806
360810253013,2208
360810253014,128
360810253021,192
360810253022,544
360810254004,32
360810255001,288
360810257001,330
360810259001,248
360810259002,608
360810261001,64
360810261002,31
360810261003,64
360810261004,832
360810263001,448
360810263002,608
360810263003,128
360810265001,899
360810265002,132
360810267001,62
360810267002,297
360810267003,1152
360810269011,160
360810269012,32
360810269014,128
360810269021,32
360810269022,32
360810271001,62
360810271004,64
360810271005,64
360810273002,31
360810273003,31
360810273004,60
360810273005,31
360810275003,62
360810276001,32
360810277001,60
360810277002,32
360810277005,96
360810279002,96
360810279003,96
360810279004,32
360810281001,96
360810281002,32
360810281003,64
360810281004,64
360810283001,64
360810283003,128
360810283004,352
360810283005,96
360810285003,31
360810285004,192
360810287001,256
360810287002,64
360810287003,352
360810288003,32
360810289001,128
360810289002,31
360810289003,896
360810291001,416
360810291002,64
360810291003,96
360810291004,384
360810293001,256
360810295001,32
360810295002,576
360810297001,32
360810297002,480
360810299001,625
360810306001,64
360810306003,96
360810306004,840
360810309021,62
360810309022,32
360810309023,96
360810309024,480
360810309025,320
360810309031,825
360810309032,32
360810309033,64
360810309041,320
360810309042,32
360810317002,704
360810317003,1024
360810317004,558
360810327002,693
360810329001,160
360810329002,64
360810329003,270
360810331001,319950
360810337001,32
360810337002,448
360810339002,240
360810339003,128
360810347001,128
360810347002,736
360810351001,32
360810351002,90
360810353001,64
360810353002,256
360810357001,992
360810357002,544
360810357003,800
360810358004,32
360810361002,64
360810363001,32
360810363002,96
360810365002,96
360810366001,32
360810371001,192
360810373001,64
360810373002,64
360810375001,96
360810375002,66
360810381001,32
360810383011,25
360810383021,1125
360810399002,31
360810405002,31
360810413002,32
360810437021,31
360810443023,32
360810446012,31
360810446021,32
360810450002,32
360810454001,96
360810455001,30
360810455002,31
360810455005,62
360810457002,32
360810458001,32
360810462002,32
360810462003,832
360810463002,32
360810465001,64
360810466001,32
360810466002,32
360810468001,32
360810469002,32
360810469004,96
360810471001,93
360810472002,32
360810473001,32
360810473002,960
360810473003,32
360810475001,192
360810475002,224
360810479001,64
360810479002,128
360810481001,31
360810481002,31
360810481003,32
360810481004,32
360810483001,96
360810483002,384
360810485001,320
360810485002,64
360810485003,480
360810489001,160
360810493022,160
360810495001,192
360810499002,32
360810499003,32
360810507001,32
360810507002,32
360810511001,64
360810515002,32
360810517001,192
360810521001,32
360810521002,32
360810531003,64
360810535001,160
360810539001,256
360810547001,32
360810549004,31
360810553001,32
360810553002,32
360810557003,62
360810560001,33
360810581002,32
360810583003,32
360810587003,32
360810589002,62
360810596002,30
360810601001,32
360810603001,32
360810607011,58
360810608001,33
360810613012,96
360810613014,32
360810625001,32
360810629003,32
360810637002,64
360810638002,30
360810639002,32
360810655011,25
360810664001,30
360810664004,32
360810677002,31
360810680001,32
360810683001,160
360810683002,672
360810683003,160
360810687002,32
360810687003,96
360810693001,64
360810693002,32
360810695001,96
360810697011,32
360810697021,32
360810697023,32
360810697024,64
360810703001,32
360810703002,32
360810709001,32
360810709002,32
360810711002,128
360810711004,192
360810713031,160
360810713032,32
360810713033,224
360810713043,30
360810713044,128
360810713051,62
360810713053,32
360810713063,32
360810713064,96
360810716001,268875
360810717012,192
360810717013,352
360810717014,32
360810717021,576
360810719002,31
360810737001,224
360810739003,160
360810739004,165
360810739005,96
360810741002,32
360810741004,32
360810745001,32
360810747002,32
360810749001,32
360810757011,96
360810757012,64
360810757013,160
360810757021,64
360810757022,32
360810769012,160
360810769021,128
360810773002,64
360810775001,62
360810775002,30
360810775003,62
360810779051,32
360810779082,62
360810790002,576
360810792001,96
360810792002,512
360810797022,32
360810803012,32
360810803013,32
360810803021,64
360810814001,33
360810837004,32
360810846011,32
360810846012,32
360810846021,224
360810849001,31
360810849004,29
360810853001,96
360810853002,31
360810859003,32
360810864001,33
360810865001,32
360810869001,352
360810869002,96
360810871001,64
360810871002,128
360810884001,64
360810907001,64
360810925003,32
360810929002,32
360810945002,32
360810972042,32
360810997033,32
360810998023,31
360811008021,33
360811032023,32
360811032024,31
360811093001,30
360811123002,32
360811151001,32
360811161002,96
360811201001,32
360811211001,25
360811215001,64
360811227014,31
360811227021,31
360811227023,31
360811241002,32
360811257001,33
360811257003,32
360811267001,32
360811267003,33
360811347005,64
360811417005,32
360811463001,32
360811479002,32
360811529011,32
360811529013,32
360811567001,32
360811571014,32
360811571021,32
360811579024,30
360811617004,32
360811621002,32
360811621005,64
360850070001,32
360850070002,30
360850138005,32
360850291031,32
